n_clusters,inertia
1,258981.640625
2,238960.21875
3,229725.5625
4,219108.296875
5,217357.953125
6,215719.359375
7,211768.765625
8,201194.0625
9,199861.875
10,197759.515625
