Model,MSE,RMSE,MAE,R2
GBR_MinMax,4977933939.397508,70554.4749778319,56170.09223814874,0.8379824210233835
