Model,MSE,RMSE,MAE,R2
GBR_MinMax,4976052794.0466385,70541.14256266791,56143.474370281765,0.8380436469494728
